2018;04;01;10:00:56
2018;04;01;10:03:25
2018;04;01;10:05:51
2018;04;01;10:08:18
2018;04;01;10:10:45
2018;04;01;10:13:13
2018;04;01;10:15:40
2018;04;01;10:18:07
2018;04;01;10:20:34
2018;04;01;10:23:01
2018;04;01;10:25:27
2018;04;01;10:27:54
2018;04;01;10:30:21
2018;04;01;10:32:48
2018;04;01;10:35:15
2018;04;01;10:37:43
2018;04;01;10:40:10
2018;04;01;10:42:37
2018;04;01;10:45:05
2018;04;01;10:47:32
2018;04;01;10:49:59
2018;04;01;10:52:25
2018;04;01;19:17:25
2018;04;01;19:19:51
2018;04;01;19:22:18
2018;04;01;19:24:44
2018;04;01;19:27:11
2018;04;01;19:29:38
2018;04;01;19:32:06
2018;04;01;19:34:32
2018;04;01;19:36:59
2018;04;01;19:39:26
2018;04;01;19:41:54
2018;04;01;19:44:21
2018;04;01;19:46:48
2018;04;01;19:49:16
2018;04;01;19:51:43
2018;04;01;19:54:10
2018;04;01;19:56:38
2018;04;01;19:59:05
2018;04;01;20:01:32
2018;04;01;20:04:00
2018;04;01;20:06:33
2018;04;01;20:08:59
2018;04;01;20:11:26
2018;04;01;20:13:52
2018;04;01;20:16:19
2018;04;01;20:18:45
2018;04;01;20:21:12
2018;04;01;20:23:39
2018;04;01;20:26:05
2018;04;01;20:28:32
2018;04;01;20:30:59
2018;04;01;20:33:27
2018;04;01;20:35:53
2018;04;01;20:38:20
2018;04;01;20:40:47
2018;04;01;20:43:14
2018;04;01;20:45:42
2018;04;01;20:48:09
2018;04;01;20:50:37
2018;04;01;20:53:04
2018;04;01;20:55:31
2018;04;01;20:57:59
2018;04;01;21:00:26
2018;04;01;21:02:54
2018;04;01;21:05:21
2018;04;01;21:07:49
2018;04;01;21:10:16
2018;04;01;21:12:44
2018;04;01;21:15:11
2018;04;01;21:17:39
2018;04;01;21:20:05
2018;04;01;21:22:32
2018;04;01;21:24:59
2018;04;01;21:27:28
2018;04;01;21:29:54
2018;04;01;21:32:21
2018;04;01;21:34:48
2018;04;01;21:37:15
2018;04;01;21:39:42
2018;04;01;21:42:09
2018;04;01;21:44:36
2018;04;01;21:47:04
2018;04;01;21:49:31
2018;04;01;21:51:58
2018;04;01;21:54:26
2018;04;01;21:56:53
2018;04;01;21:59:20
2018;04;01;22:01:48
2018;04;01;22:04:15
2018;04;01;22:06:43
2018;04;01;22:09:10
2018;04;01;22:11:37
2018;04;01;22:14:05
2018;04;01;22:16:32
2018;04;01;22:18:59
2018;04;01;22:21:27
2018;04;01;22:23:54
2018;04;01;22:26:21
2018;04;01;22:28:48
2018;04;01;22:31:15
2018;04;01;22:33:41
2018;04;01;22:36:08
2018;04;01;22:38:34
2018;04;01;22:41:02
2018;04;01;22:43:30
2018;04;01;22:45:57
2018;04;01;22:48:25
2018;04;01;22:50:52
2018;04;01;22:53:19
2018;04;01;22:55:47
2018;04;01;22:58:14
2018;04;01;23:00:41
2018;04;01;23:03:09
2018;04;01;23:05:36
2018;04;01;23:08:03
2018;04;01;23:10:31
2018;04;01;23:12:58
2018;04;01;23:15:25
2018;04;01;23:17:53
2018;04;01;23:20:20
2018;04;01;23:22:47
2018;04;01;23:25:15
2018;04;01;23:27:42
2018;04;01;23:30:10
2018;04;01;23:32:37
2018;04;01;23:35:04
2018;04;01;23:37:32
2018;04;01;23:39:59
2018;04;01;23:42:26
2018;04;01;23:44:54
2018;04;01;23:47:21
2018;04;01;23:49:48
2018;04;01;23:52:16
2018;04;01;23:54:43
2018;04;01;23:57:10
2018;04;01;23:59:38
